login,id,node_id,avatar_url,gravatar_id,url,html_url,followers_url,following_url,gists_url,starred_url,subscriptions_url,organizations_url,repos_url,events_url,received_events_url,type,site_admin
teunbrand,49372158,MDQ6VXNlcjQ5MzcyMTU4,https://avatars.githubusercontent.com/u/49372158?v=4,,https://api.github.com/users/teunbrand,https://github.com/teunbrand,https://api.github.com/users/teunbrand/followers,https://api.github.com/users/teunbrand/following{/other_user},https://api.github.com/users/teunbrand/gists{/gist_id},https://api.github.com/users/teunbrand/starred{/owner}{/repo},https://api.github.com/users/teunbrand/subscriptions,https://api.github.com/users/teunbrand/orgs,https://api.github.com/users/teunbrand/repos,https://api.github.com/users/teunbrand/events{/privacy},https://api.github.com/users/teunbrand/received_events,User,false
teunbrand,49372158,MDQ6VXNlcjQ5MzcyMTU4,https://avatars.githubusercontent.com/u/49372158?v=4,,https://api.github.com/users/teunbrand,https://github.com/teunbrand,https://api.github.com/users/teunbrand/followers,https://api.github.com/users/teunbrand/following{/other_user},https://api.github.com/users/teunbrand/gists{/gist_id},https://api.github.com/users/teunbrand/starred{/owner}{/repo},https://api.github.com/users/teunbrand/subscriptions,https://api.github.com/users/teunbrand/orgs,https://api.github.com/users/teunbrand/repos,https://api.github.com/users/teunbrand/events{/privacy},https://api.github.com/users/teunbrand/received_events,User,false
yutannihilation,1978793,MDQ6VXNlcjE5Nzg3OTM=,https://avatars.githubusercontent.com/u/1978793?v=4,,https://api.github.com/users/yutannihilation,https://github.com/yutannihilation,https://api.github.com/users/yutannihilation/followers,https://api.github.com/users/yutannihilation/following{/other_user},https://api.github.com/users/yutannihilation/gists{/gist_id},https://api.github.com/users/yutannihilation/starred{/owner}{/repo},https://api.github.com/users/yutannihilation/subscriptions,https://api.github.com/users/yutannihilation/orgs,https://api.github.com/users/yutannihilation/repos,https://api.github.com/users/yutannihilation/events{/privacy},https://api.github.com/users/yutannihilation/received_events,User,false
teunbrand,49372158,MDQ6VXNlcjQ5MzcyMTU4,https://avatars.githubusercontent.com/u/49372158?v=4,,https://api.github.com/users/teunbrand,https://github.com/teunbrand,https://api.github.com/users/teunbrand/followers,https://api.github.com/users/teunbrand/following{/other_user},https://api.github.com/users/teunbrand/gists{/gist_id},https://api.github.com/users/teunbrand/starred{/owner}{/repo},https://api.github.com/users/teunbrand/subscriptions,https://api.github.com/users/teunbrand/orgs,https://api.github.com/users/teunbrand/repos,https://api.github.com/users/teunbrand/events{/privacy},https://api.github.com/users/teunbrand/received_events,User,false
jtlandis,30324172,MDQ6VXNlcjMwMzI0MTcy,https://avatars.githubusercontent.com/u/30324172?v=4,,https://api.github.com/users/jtlandis,https://github.com/jtlandis,https://api.github.com/users/jtlandis/followers,https://api.github.com/users/jtlandis/following{/other_user},https://api.github.com/users/jtlandis/gists{/gist_id},https://api.github.com/users/jtlandis/starred{/owner}{/repo},https://api.github.com/users/jtlandis/subscriptions,https://api.github.com/users/jtlandis/orgs,https://api.github.com/users/jtlandis/repos,https://api.github.com/users/jtlandis/events{/privacy},https://api.github.com/users/jtlandis/received_events,User,false
teunbrand,49372158,MDQ6VXNlcjQ5MzcyMTU4,https://avatars.githubusercontent.com/u/49372158?v=4,,https://api.github.com/users/teunbrand,https://github.com/teunbrand,https://api.github.com/users/teunbrand/followers,https://api.github.com/users/teunbrand/following{/other_user},https://api.github.com/users/teunbrand/gists{/gist_id},https://api.github.com/users/teunbrand/starred{/owner}{/repo},https://api.github.com/users/teunbrand/subscriptions,https://api.github.com/users/teunbrand/orgs,https://api.github.com/users/teunbrand/repos,https://api.github.com/users/teunbrand/events{/privacy},https://api.github.com/users/teunbrand/received_events,User,false
teunbrand,49372158,MDQ6VXNlcjQ5MzcyMTU4,https://avatars.githubusercontent.com/u/49372158?v=4,,https://api.github.com/users/teunbrand,https://github.com/teunbrand,https://api.github.com/users/teunbrand/followers,https://api.github.com/users/teunbrand/following{/other_user},https://api.github.com/users/teunbrand/gists{/gist_id},https://api.github.com/users/teunbrand/starred{/owner}{/repo},https://api.github.com/users/teunbrand/subscriptions,https://api.github.com/users/teunbrand/orgs,https://api.github.com/users/teunbrand/repos,https://api.github.com/users/teunbrand/events{/privacy},https://api.github.com/users/teunbrand/received_events,User,false
teunbrand,49372158,MDQ6VXNlcjQ5MzcyMTU4,https://avatars.githubusercontent.com/u/49372158?v=4,,https://api.github.com/users/teunbrand,https://github.com/teunbrand,https://api.github.com/users/teunbrand/followers,https://api.github.com/users/teunbrand/following{/other_user},https://api.github.com/users/teunbrand/gists{/gist_id},https://api.github.com/users/teunbrand/starred{/owner}{/repo},https://api.github.com/users/teunbrand/subscriptions,https://api.github.com/users/teunbrand/orgs,https://api.github.com/users/teunbrand/repos,https://api.github.com/users/teunbrand/events{/privacy},https://api.github.com/users/teunbrand/received_events,User,false
teunbrand,49372158,MDQ6VXNlcjQ5MzcyMTU4,https://avatars.githubusercontent.com/u/49372158?v=4,,https://api.github.com/users/teunbrand,https://github.com/teunbrand,https://api.github.com/users/teunbrand/followers,https://api.github.com/users/teunbrand/following{/other_user},https://api.github.com/users/teunbrand/gists{/gist_id},https://api.github.com/users/teunbrand/starred{/owner}{/repo},https://api.github.com/users/teunbrand/subscriptions,https://api.github.com/users/teunbrand/orgs,https://api.github.com/users/teunbrand/repos,https://api.github.com/users/teunbrand/events{/privacy},https://api.github.com/users/teunbrand/received_events,User,false
teunbrand,49372158,MDQ6VXNlcjQ5MzcyMTU4,https://avatars.githubusercontent.com/u/49372158?v=4,,https://api.github.com/users/teunbrand,https://github.com/teunbrand,https://api.github.com/users/teunbrand/followers,https://api.github.com/users/teunbrand/following{/other_user},https://api.github.com/users/teunbrand/gists{/gist_id},https://api.github.com/users/teunbrand/starred{/owner}{/repo},https://api.github.com/users/teunbrand/subscriptions,https://api.github.com/users/teunbrand/orgs,https://api.github.com/users/teunbrand/repos,https://api.github.com/users/teunbrand/events{/privacy},https://api.github.com/users/teunbrand/received_events,User,false
teunbrand,49372158,MDQ6VXNlcjQ5MzcyMTU4,https://avatars.githubusercontent.com/u/49372158?v=4,,https://api.github.com/users/teunbrand,https://github.com/teunbrand,https://api.github.com/users/teunbrand/followers,https://api.github.com/users/teunbrand/following{/other_user},https://api.github.com/users/teunbrand/gists{/gist_id},https://api.github.com/users/teunbrand/starred{/owner}{/repo},https://api.github.com/users/teunbrand/subscriptions,https://api.github.com/users/teunbrand/orgs,https://api.github.com/users/teunbrand/repos,https://api.github.com/users/teunbrand/events{/privacy},https://api.github.com/users/teunbrand/received_events,User,false
teunbrand,49372158,MDQ6VXNlcjQ5MzcyMTU4,https://avatars.githubusercontent.com/u/49372158?v=4,,https://api.github.com/users/teunbrand,https://github.com/teunbrand,https://api.github.com/users/teunbrand/followers,https://api.github.com/users/teunbrand/following{/other_user},https://api.github.com/users/teunbrand/gists{/gist_id},https://api.github.com/users/teunbrand/starred{/owner}{/repo},https://api.github.com/users/teunbrand/subscriptions,https://api.github.com/users/teunbrand/orgs,https://api.github.com/users/teunbrand/repos,https://api.github.com/users/teunbrand/events{/privacy},https://api.github.com/users/teunbrand/received_events,User,false
teunbrand,49372158,MDQ6VXNlcjQ5MzcyMTU4,https://avatars.githubusercontent.com/u/49372158?v=4,,https://api.github.com/users/teunbrand,https://github.com/teunbrand,https://api.github.com/users/teunbrand/followers,https://api.github.com/users/teunbrand/following{/other_user},https://api.github.com/users/teunbrand/gists{/gist_id},https://api.github.com/users/teunbrand/starred{/owner}{/repo},https://api.github.com/users/teunbrand/subscriptions,https://api.github.com/users/teunbrand/orgs,https://api.github.com/users/teunbrand/repos,https://api.github.com/users/teunbrand/events{/privacy},https://api.github.com/users/teunbrand/received_events,User,false
teunbrand,49372158,MDQ6VXNlcjQ5MzcyMTU4,https://avatars.githubusercontent.com/u/49372158?v=4,,https://api.github.com/users/teunbrand,https://github.com/teunbrand,https://api.github.com/users/teunbrand/followers,https://api.github.com/users/teunbrand/following{/other_user},https://api.github.com/users/teunbrand/gists{/gist_id},https://api.github.com/users/teunbrand/starred{/owner}{/repo},https://api.github.com/users/teunbrand/subscriptions,https://api.github.com/users/teunbrand/orgs,https://api.github.com/users/teunbrand/repos,https://api.github.com/users/teunbrand/events{/privacy},https://api.github.com/users/teunbrand/received_events,User,false
teunbrand,49372158,MDQ6VXNlcjQ5MzcyMTU4,https://avatars.githubusercontent.com/u/49372158?v=4,,https://api.github.com/users/teunbrand,https://github.com/teunbrand,https://api.github.com/users/teunbrand/followers,https://api.github.com/users/teunbrand/following{/other_user},https://api.github.com/users/teunbrand/gists{/gist_id},https://api.github.com/users/teunbrand/starred{/owner}{/repo},https://api.github.com/users/teunbrand/subscriptions,https://api.github.com/users/teunbrand/orgs,https://api.github.com/users/teunbrand/repos,https://api.github.com/users/teunbrand/events{/privacy},https://api.github.com/users/teunbrand/received_events,User,false
teunbrand,49372158,MDQ6VXNlcjQ5MzcyMTU4,https://avatars.githubusercontent.com/u/49372158?v=4,,https://api.github.com/users/teunbrand,https://github.com/teunbrand,https://api.github.com/users/teunbrand/followers,https://api.github.com/users/teunbrand/following{/other_user},https://api.github.com/users/teunbrand/gists{/gist_id},https://api.github.com/users/teunbrand/starred{/owner}{/repo},https://api.github.com/users/teunbrand/subscriptions,https://api.github.com/users/teunbrand/orgs,https://api.github.com/users/teunbrand/repos,https://api.github.com/users/teunbrand/events{/privacy},https://api.github.com/users/teunbrand/received_events,User,false
teunbrand,49372158,MDQ6VXNlcjQ5MzcyMTU4,https://avatars.githubusercontent.com/u/49372158?v=4,,https://api.github.com/users/teunbrand,https://github.com/teunbrand,https://api.github.com/users/teunbrand/followers,https://api.github.com/users/teunbrand/following{/other_user},https://api.github.com/users/teunbrand/gists{/gist_id},https://api.github.com/users/teunbrand/starred{/owner}{/repo},https://api.github.com/users/teunbrand/subscriptions,https://api.github.com/users/teunbrand/orgs,https://api.github.com/users/teunbrand/repos,https://api.github.com/users/teunbrand/events{/privacy},https://api.github.com/users/teunbrand/received_events,User,false
teunbrand,49372158,MDQ6VXNlcjQ5MzcyMTU4,https://avatars.githubusercontent.com/u/49372158?v=4,,https://api.github.com/users/teunbrand,https://github.com/teunbrand,https://api.github.com/users/teunbrand/followers,https://api.github.com/users/teunbrand/following{/other_user},https://api.github.com/users/teunbrand/gists{/gist_id},https://api.github.com/users/teunbrand/starred{/owner}{/repo},https://api.github.com/users/teunbrand/subscriptions,https://api.github.com/users/teunbrand/orgs,https://api.github.com/users/teunbrand/repos,https://api.github.com/users/teunbrand/events{/privacy},https://api.github.com/users/teunbrand/received_events,User,false
teunbrand,49372158,MDQ6VXNlcjQ5MzcyMTU4,https://avatars.githubusercontent.com/u/49372158?v=4,,https://api.github.com/users/teunbrand,https://github.com/teunbrand,https://api.github.com/users/teunbrand/followers,https://api.github.com/users/teunbrand/following{/other_user},https://api.github.com/users/teunbrand/gists{/gist_id},https://api.github.com/users/teunbrand/starred{/owner}{/repo},https://api.github.com/users/teunbrand/subscriptions,https://api.github.com/users/teunbrand/orgs,https://api.github.com/users/teunbrand/repos,https://api.github.com/users/teunbrand/events{/privacy},https://api.github.com/users/teunbrand/received_events,User,false
thomasp85,1775316,MDQ6VXNlcjE3NzUzMTY=,https://avatars.githubusercontent.com/u/1775316?v=4,,https://api.github.com/users/thomasp85,https://github.com/thomasp85,https://api.github.com/users/thomasp85/followers,https://api.github.com/users/thomasp85/following{/other_user},https://api.github.com/users/thomasp85/gists{/gist_id},https://api.github.com/users/thomasp85/starred{/owner}{/repo},https://api.github.com/users/thomasp85/subscriptions,https://api.github.com/users/thomasp85/orgs,https://api.github.com/users/thomasp85/repos,https://api.github.com/users/thomasp85/events{/privacy},https://api.github.com/users/thomasp85/received_events,User,false
teunbrand,49372158,MDQ6VXNlcjQ5MzcyMTU4,https://avatars.githubusercontent.com/u/49372158?v=4,,https://api.github.com/users/teunbrand,https://github.com/teunbrand,https://api.github.com/users/teunbrand/followers,https://api.github.com/users/teunbrand/following{/other_user},https://api.github.com/users/teunbrand/gists{/gist_id},https://api.github.com/users/teunbrand/starred{/owner}{/repo},https://api.github.com/users/teunbrand/subscriptions,https://api.github.com/users/teunbrand/orgs,https://api.github.com/users/teunbrand/repos,https://api.github.com/users/teunbrand/events{/privacy},https://api.github.com/users/teunbrand/received_events,User,false
teunbrand,49372158,MDQ6VXNlcjQ5MzcyMTU4,https://avatars.githubusercontent.com/u/49372158?v=4,,https://api.github.com/users/teunbrand,https://github.com/teunbrand,https://api.github.com/users/teunbrand/followers,https://api.github.com/users/teunbrand/following{/other_user},https://api.github.com/users/teunbrand/gists{/gist_id},https://api.github.com/users/teunbrand/starred{/owner}{/repo},https://api.github.com/users/teunbrand/subscriptions,https://api.github.com/users/teunbrand/orgs,https://api.github.com/users/teunbrand/repos,https://api.github.com/users/teunbrand/events{/privacy},https://api.github.com/users/teunbrand/received_events,User,false
teunbrand,49372158,MDQ6VXNlcjQ5MzcyMTU4,https://avatars.githubusercontent.com/u/49372158?v=4,,https://api.github.com/users/teunbrand,https://github.com/teunbrand,https://api.github.com/users/teunbrand/followers,https://api.github.com/users/teunbrand/following{/other_user},https://api.github.com/users/teunbrand/gists{/gist_id},https://api.github.com/users/teunbrand/starred{/owner}{/repo},https://api.github.com/users/teunbrand/subscriptions,https://api.github.com/users/teunbrand/orgs,https://api.github.com/users/teunbrand/repos,https://api.github.com/users/teunbrand/events{/privacy},https://api.github.com/users/teunbrand/received_events,User,false
teunbrand,49372158,MDQ6VXNlcjQ5MzcyMTU4,https://avatars.githubusercontent.com/u/49372158?v=4,,https://api.github.com/users/teunbrand,https://github.com/teunbrand,https://api.github.com/users/teunbrand/followers,https://api.github.com/users/teunbrand/following{/other_user},https://api.github.com/users/teunbrand/gists{/gist_id},https://api.github.com/users/teunbrand/starred{/owner}{/repo},https://api.github.com/users/teunbrand/subscriptions,https://api.github.com/users/teunbrand/orgs,https://api.github.com/users/teunbrand/repos,https://api.github.com/users/teunbrand/events{/privacy},https://api.github.com/users/teunbrand/received_events,User,false
teunbrand,49372158,MDQ6VXNlcjQ5MzcyMTU4,https://avatars.githubusercontent.com/u/49372158?v=4,,https://api.github.com/users/teunbrand,https://github.com/teunbrand,https://api.github.com/users/teunbrand/followers,https://api.github.com/users/teunbrand/following{/other_user},https://api.github.com/users/teunbrand/gists{/gist_id},https://api.github.com/users/teunbrand/starred{/owner}{/repo},https://api.github.com/users/teunbrand/subscriptions,https://api.github.com/users/teunbrand/orgs,https://api.github.com/users/teunbrand/repos,https://api.github.com/users/teunbrand/events{/privacy},https://api.github.com/users/teunbrand/received_events,User,false
teunbrand,49372158,MDQ6VXNlcjQ5MzcyMTU4,https://avatars.githubusercontent.com/u/49372158?v=4,,https://api.github.com/users/teunbrand,https://github.com/teunbrand,https://api.github.com/users/teunbrand/followers,https://api.github.com/users/teunbrand/following{/other_user},https://api.github.com/users/teunbrand/gists{/gist_id},https://api.github.com/users/teunbrand/starred{/owner}{/repo},https://api.github.com/users/teunbrand/subscriptions,https://api.github.com/users/teunbrand/orgs,https://api.github.com/users/teunbrand/repos,https://api.github.com/users/teunbrand/events{/privacy},https://api.github.com/users/teunbrand/received_events,User,false
teunbrand,49372158,MDQ6VXNlcjQ5MzcyMTU4,https://avatars.githubusercontent.com/u/49372158?v=4,,https://api.github.com/users/teunbrand,https://github.com/teunbrand,https://api.github.com/users/teunbrand/followers,https://api.github.com/users/teunbrand/following{/other_user},https://api.github.com/users/teunbrand/gists{/gist_id},https://api.github.com/users/teunbrand/starred{/owner}{/repo},https://api.github.com/users/teunbrand/subscriptions,https://api.github.com/users/teunbrand/orgs,https://api.github.com/users/teunbrand/repos,https://api.github.com/users/teunbrand/events{/privacy},https://api.github.com/users/teunbrand/received_events,User,false
teunbrand,49372158,MDQ6VXNlcjQ5MzcyMTU4,https://avatars.githubusercontent.com/u/49372158?v=4,,https://api.github.com/users/teunbrand,https://github.com/teunbrand,https://api.github.com/users/teunbrand/followers,https://api.github.com/users/teunbrand/following{/other_user},https://api.github.com/users/teunbrand/gists{/gist_id},https://api.github.com/users/teunbrand/starred{/owner}{/repo},https://api.github.com/users/teunbrand/subscriptions,https://api.github.com/users/teunbrand/orgs,https://api.github.com/users/teunbrand/repos,https://api.github.com/users/teunbrand/events{/privacy},https://api.github.com/users/teunbrand/received_events,User,false
teunbrand,49372158,MDQ6VXNlcjQ5MzcyMTU4,https://avatars.githubusercontent.com/u/49372158?v=4,,https://api.github.com/users/teunbrand,https://github.com/teunbrand,https://api.github.com/users/teunbrand/followers,https://api.github.com/users/teunbrand/following{/other_user},https://api.github.com/users/teunbrand/gists{/gist_id},https://api.github.com/users/teunbrand/starred{/owner}{/repo},https://api.github.com/users/teunbrand/subscriptions,https://api.github.com/users/teunbrand/orgs,https://api.github.com/users/teunbrand/repos,https://api.github.com/users/teunbrand/events{/privacy},https://api.github.com/users/teunbrand/received_events,User,false
teunbrand,49372158,MDQ6VXNlcjQ5MzcyMTU4,https://avatars.githubusercontent.com/u/49372158?v=4,,https://api.github.com/users/teunbrand,https://github.com/teunbrand,https://api.github.com/users/teunbrand/followers,https://api.github.com/users/teunbrand/following{/other_user},https://api.github.com/users/teunbrand/gists{/gist_id},https://api.github.com/users/teunbrand/starred{/owner}{/repo},https://api.github.com/users/teunbrand/subscriptions,https://api.github.com/users/teunbrand/orgs,https://api.github.com/users/teunbrand/repos,https://api.github.com/users/teunbrand/events{/privacy},https://api.github.com/users/teunbrand/received_events,User,false